{
    "5a6f0530da0d1e47f8d15e36": {
        "title": "DDoS Protection",
        "info":[
            {
                "title":"network layer ddos protection",
                "props":[
                    {
                        "title": "Network Bandwidth",
                        "kind": "fixed",
                        "data": {
                            "type": "string",
                            "values":["1 Gbps", "5 Gbps", "10 Gbps"]
                        }
                    },
                    {
                        "title": "Network Flood Attacks",
                        "kind": "fixed",
                        "data": {
                            "type": "boolean",
                            "values":["true", "true", "true"]
                        }
                    },
                    {
                        "title": "Network Malformed Packet Attacks",
                        "kind": "fixed",
                        "data": {
                            "type": "boolean",
                            "values":["true", "true", "true"]
                        }
                    },
                    {
                        "title": "DNS Server Attacks",
                        "kind": "fixed",
                        "data": {
                            "type": "boolean",
                            "values":["true", "true", "true"]
                        }
                    },
                    {
                        "title": "Number of support IPs",
                        "kind": "fixed",
                        "data": {
                            "type": "string",
                            "values":["1", "4", "16"]
                        }
                    }
                ]
            },
            {
                "title":"application layer ddos protection",
                "props":[
                    {
                        "title": "Request per second",
                        "kind": "fixed",
                        "data": {
                            "type": "string",
                            "values":["100 rps", "500 rps", "2000 rps"]
                        }
                    },
                    {
                        "title": "Number of support domains",
                        "kind": "api",
                        "name": "ndomain"
                    },
                    {
                        "title": "TLS/SSL Support",
                        "kind": "fixed",
                        "data": {
                            "type": "boolean",
                            "values":["true", "true", "true"]
                        }
                    },
                    {
                        "title": "Static content caching",
                        "kind": "fixed",
                        "data": {
                            "type": "boolean",
                            "values":["false", "true", "true"]
                        }
                    }
                ]
            },
            {
                "title":"monitoring & response",
                "props":[
                    {
                        "title": "Realtime Monitoring Dashboard",
                        "kind": "fixed",
                        "data": {
                            "type": "boolean",
                            "values":["true", "true", "true"]
                        }
                    },
                    {
                        "title": "Customer Report Period",
                        "kind": "fixed",
                        "data": {
                            "type": "string",
                            "values":["Monthly", "Weekly/Monthly", "Daily/Weekly/Monthly"]
                        }
                    },
                    {
                        "title": "Attack Report Channed",
                        "kind": "fixed",
                        "data": {
                            "type": "string",
                            "values":["", "Email, Telegram", "Email, Telegram"]
                        }
                    }
                ]
            },
            {
                "title":"additional features",
                "props":[
                    {
                        "title": "Ipv6 Support",
                        "kind": "fixed",
                        "data": {
                            "type": "boolean",
                            "values":["true", "true", "true"]
                        }
                    },
                    {
                        "title": "Custom branding",
                        "kind": "fixed",
                        "data": {
                            "type": "boolean",
                            "values":["false", "false", "true"]
                        }
                    },
                    {
                        "title": "Multiple account support",
                        "kind": "fixed",
                        "data": {
                            "type": "boolean",
                            "values":["false", "false", "true"],
                            "desc":["","","Up to 3 accounts"]
                        }
                    }
                ]
            },
            {
                "title":"support & sla",
                "props":[
                    {
                        "title": "Support Time",
                        "kind": "fixed",
                        "data": {
                            "type": "string",
                            "values":["8x5", "8x5", "24x7"]
                        }
                    },
                    {
                        "title": "Suopport Channel",
                        "kind": "fixed",
                        "data": {
                            "type": "string",
                            "values":["Phone, Chat, Ticket", "Phone, Chat, Ticket", "Phone, Chat, Ticket"]
                        }
                    },
                    {
                        "title": "Account management",
                        "kind": "fixed",
                        "data": {
                            "type": "boolean",
                            "values":["false", "false", "true"]
                        }
                    }
                ]
            }
            
        ]
    }
}